{
    "Name": "Arenas/Economy",
    "LoadPriority": 6,
    "Version": "1.0.0",
    "RequiredOnClient": true,
    "Description": "A gamemode focused around capitalism.",
    "Dependencies": {
        "HOLOSHIFT_ACTIVE": "Legonzaur.HoloShift"
    },
    "Scripts": [
        
		{
			"Path": "gamemodes/sh_gamemode_econ.gnut",
			"RunOn": "( CLIENT || SERVER ) && MP",
			"ClientCallback": {
				"Before": "Sh_CreateGamemodeEcon_Init"
			},
			"ServerCallback": {
				"Before": "Sh_CreateGamemodeEcon_Init"
			}
		},
        {
			"Path": "gamemodes/_gamemode_econ.gnut",
			"RunOn": "SERVER && MP"
		},
        {
			"Path": "gamemodes/cl_gamemode_econ.gnut",
			"RunOn": "CLIENT && MP"
		},
        {
			"Path": "cl_econ_calluiscript.gnut",
			"RunOn": "CLIENT && MP"
		},
        {
            "Path": "gamemodes/ui/menu_arenas_buy.nut",
            "RunOn": "UI",
            "UICallback":
            {
                "Before": "Arenas_Buy_Init"
            }
        },
        {
            "Path": "gamemodes/ui/menu_weapon_select.nut",
            "RunOn": "UI",
            "UICallback":
            {
                "Before": "MenuWeaponSelect_Init"
            }
        }
    ],
    "Localisation": [
		"resource/econ_localisation.txt"
	]
}